model,hf_id,C1,C2,C3,OI
Model A,,0.5916666666666667,0.5555555555555556,0.525,0.5574074074074074
Model B,,0.7569444444444444,0.6555555555555556,0.6208333333333333,0.6777777777777777
Model C,,0.525,0.6,0.5875,0.5708333333333333
