model,hf_id,criterion,mean_semantic_drift_raw,mean_semantic_drift_norm,frac_drift_leq_1
Model A,,C1,0.8666666666666667,0.21666666666666667,0.7222222222222222
Model A,,C2,0.7833333333333333,0.19583333333333333,0.7777777777777778
Model A,,C3,0.42777777777777776,0.10694444444444444,0.9
Model B,,C1,2.7888888888888888,0.6972222222222222,0.1111111111111111
Model B,,C2,2.061111111111111,0.5152777777777777,0.37222222222222223
Model B,,C3,1.5555555555555556,0.3888888888888889,0.5166666666666667
Model C,,C1,0.3,0.075,0.9
Model C,,C2,1.3166666666666667,0.32916666666666666,0.6
Model C,,C3,1.25,0.3125,0.65
