model,hf_id,C1,C2,C3,OI
Model A,microsoft/phi-3-mini-4k-instruct,0.87375,0.9275000000000001,0.9,0.9004166666666666
Model B,Qwen/Qwen2.5-3B-Instruct,0.8674999999999999,0.9154166666666667,0.9266666666666667,0.9031944444444444
Model C,TinyLlama/TinyLlama-1.1B-Chat-v1.0,0.8687499999999999,0.9233333333333333,0.9187500000000001,0.9036111111111111
