model,hf_id,C1,C2,C3,OI
Model A,microsoft/phi-3-mini-4k-instruct,0.9458333333333333,0.8333333333333334,0.8250000000000001,0.8680555555555557
Model B,Qwen/Qwen2.5-3B-Instruct,0.9583333333333333,0.8333333333333334,0.8416666666666667,0.8777777777777778
Model C,TinyLlama/TinyLlama-1.1B-Chat-v1.0,0.9604166666666667,0.8333333333333334,0.8250000000000001,0.8729166666666668
